,ticker,abstract,title,url,date,neg,neu,pos,compound
0,AFL,"Aflac Chairman and CEO Dan Amos discusses negative interest rates and his outlook for Japan. 00:00THE stock. Aflac CEO joins us now, dan amos , great to have you.",What Is the Impact of Negative Rates on Aflac? - Bloomberg,https://www.bloomberg.com/news/videos/2016-05-24/what-is-the-impact-of-negative-rates-on-aflac,5/24/16,0.291,0.709,0,-0.5719
3,AFL,"Aflac Inc. Chief Executive Officer Dan Amos, who hired dozens of Wall Street professionals to improve investment returns, lamented that they're now buying some of the lowest-yielding debt: Japan...",Aflac's Amos Laments Wall Street Staff Buying Japan Bonds,https://www.bloomberg.com/news/articles/2013-10-30/aflac-s-amos-laments-wall-street-staff-buying-japan-bonds,10/30/13,0.238,0.762,0,-0.3612
6,AFL,"Dan Amos, chief executive officer of Aflac Inc., said the decision to fire comedian Gilbert Gottfried as voice of the insurer's duck mascot in the U.S. shows the importance of quick action to protect the...",Aflac Says Firing Gottfried as Duck Shows Decisiveness - Bloomberg,https://www.bloomberg.com/news/articles/2012-11-29/amos-says-firing-gottfried-as-duck-voice-highlights-decisiveness,11/29/12,0.231,0.769,0,-0.34
12,ANAT,"A digital currency could fundamentally change the way Americans use money, leading some financial firms to lobby the Fed and Congress to slow its creation -- or at least ensure they're not cut out.",Federal Reserve's Digital Dollar Push Worries Wall Street - Bloomberg,https://www.bloomberg.com/news/articles/2021-03-22/federal-reserve-s-digital-dollar-momentum-worries-wall-street,3/22/21,0.259,0.741,0,-0.4215
13,ANAT,Check fraud dwarfs other forms of bank fraud (table). With Americans writing some 60 billion The amounts of money involved in check frauds are rising as well. Rasor tells the story of a case dubbed...,"Bank Fraud, The Old Fashioned Way - Bloomberg",https://www.bloomberg.com/news/articles/1995-09-03/bank-fraud-the-old-fashioned-way,9/3/95,0.388,0.612,0,-0.5859
14,ANAT,"Could an American company loot its pension funds, as Robert Maxwell is alleged to have done in Britain? The government has erected legal barriers, but they don't keep companies from trying.",Pension Fraud: Can It Happen Here? You Bet - Bloomberg,https://www.bloomberg.com/news/articles/1991-12-22/pension-fraud-can-it-happen-here-you-bet,12/22/91,0.322,0.678,0,-0.5859
16,ANAT,"Hello, Fraud Suits. New federal legislation isn't stopping class actions. The legislation was supposed to put an end, once and for all, to the plague of shareholder lawsuits pestering American companies.","Bye, Fraud Suits. Hello, Fraud Suits - Bloomberg",https://www.bloomberg.com/news/articles/1996-06-23/bye-fraud-suits-dot-hello-fraud-suits,6/23/96,0.603,0.397,0,-0.8225
20,AON,"Kurniawan, whose family gained wealth operating a beer distributorship in Indonesia, was convicted of mail and wire fraud in 2013 in a New York federal court and spent seven years in prison.","""Sour Grapes"" Wine Fraud Con Man Deported to Indonesia - Bloomberg",https://www.bloomberg.com/news/articles/2021-04-14/-sour-grapes-wine-fraud-con-man-deported-to-indonesia,4/14/21,0.297,0.703,0,-0.5859
21,AON,"Aon Plc said it's no longer pursuing a combination with rival insurance brokerage Willis Towers Watson Plc, a day after confirming that it was considering a tie-up.",Aon Says It's No Longer Pursuing Willis Towers Acquisition - Bloomberg,https://www.bloomberg.com/news/articles/2019-03-06/aon-opts-against-willis-takeover-after-weighing-24-billion-deal,3/6/19,0.196,0.804,0,-0.296
23,AON,"Theranos, which attracted the backing of high-profile investors and leading venture capital firms, was valued at $9 billion before unraveling over the alleged fraud. Elizabeth Holmes leaves federal court in...",Ex-Theranos CEO Elizabeth Holmes's Fraud Trial Is Postponed for Virus,https://origin.www.bloomberg.com/news/articles/2020-07-20/elizabeth-holmes-criminal-fraud-trial-is-postponed,7/20/20,0.412,0.588,0,-0.6808
25,AON,"I also learned that I and other phone customers indirectly pay for $2 billion in annual fraud as AT&T, MCI Communications, and other companies pass losses on. So I checked into what else I might do to...",How To Foil Phone Card Fraud - Bloomberg,https://www.bloomberg.com/news/articles/1994-11-20/how-to-foil-phone-card-fraud,11/20/94,0.388,0.612,0,-0.5859
26,AON,Denmark charged six more people with fraud as prosecutors move closer to completing a years-long hunt to track down a total of $2.1 billion allegedly stolen through a dividend-tax scam.,Denmark Charges 6 More People in $2.1 Billion Cum-Ex... - Bloomberg,https://www.bloomberg.com/news/articles/2021-04-13/denmark-charges-6-more-people-with-fraud-in-cum-ex-investigation,4/13/21,0.208,0.792,0,-0.2732
29,AON,"Pension Fraud: Can It Happen Here? You Bet. Mike Mcnamee. December 23, 1991, 12:00 AM EST.",Pension Fraud: Can It Happen Here? You Bet - Bloomberg,https://www.bloomberg.com/news/articles/1991-12-22/pension-fraud-can-it-happen-here-you-bet,12/22/91,0.322,0.678,0,-0.5859
30,ARCC,"Proponents of those revisions argue they are necessary to deter voter fraud. The bill, known as S 1 Significant portions of S. 1 are clearly intended to have precisely the opposite effect - pushing certain...",Chamber of Commerce Urges Senators to Reject Voting... - Bloomberg,https://www.bloomberg.com/news/articles/2021-04-14/chamber-of-commerce-urges-senators-to-reject-voting-rights-bill,4/14/21,0.252,0.748,0,-0.4019
35,ARCC,But charges of fraud are exceedingly difficult to prove. As would be making executives face direct liability for shareholder fraud. It's a worthy alternative for a system in need of serious reform.,Commentary: Punishment for Corporate Fraud? - Bloomberg,https://www.bloomberg.com/news/articles/2002-03-10/commentary-punishment-for-corporate-fraud-how-radical,3/10/02,0.636,0.364,0,-0.7906
36,ARCC,"...of a $1.5 billion fraud are planning to appoint a new manager for the private equity style operation, the Children's Investment Fund Foundation are negotiating to replace the management of Ireo with...",Hedge Funds Trapped in Ireo Saga to Pick Varde as... - Bloomberg,https://www.bloomberg.com/news/articles/2020-11-17/hedge-funds-trapped-in-ireo-india-saga-to-pick-varde-as-manager,11/17/20,0.254,0.746,0,-0.5267
37,ARCC,"""We are seeing more sophisticated type of fraud moving into the online environment,"" said Erika Dietrich, global director of payments risk management at fraud fighter ACI Worldwide.",Credit-Card Thieves Move Online as Chips Thwart In-Store Fraud,https://www.bloomberg.com/news/articles/2017-02-01/credit-card-thieves-move-online-as-chips-thwart-in-store-fraud,2/1/17,0.504,0.496,0,-0.7964
38,ARCC,Supervisory agency to ensure frauds are not repeated: Jaitley. India's authorities Tuesday expanded a crackdown to contain the fallout from the biggest banking fraud to hit the nation.,"As Fraud Prompts Arrests, India Forms Panel to Avoid Scams",https://www.bloomberg.com/news/articles/2018-02-20/bank-fraud-prompts-india-to-set-up-panel-to-prevent-scams,2/20/18,0.679,0.321,0,-0.9136
42,AXP,"A digital currency could fundamentally change the way Americans use money, leading some financial firms to lobby the Fed and Congress to slow its creation -- or at least ensure they're not cut out.",Federal Reserve's Digital Dollar Push Worries Wall Street - Bloomberg,https://www.bloomberg.com/news/articles/2021-03-22/federal-reserve-s-digital-dollar-momentum-worries-wall-street,3/22/21,0.259,0.741,0,-0.4215
43,AXP,Check fraud dwarfs other forms of bank fraud (table). With Americans writing some 60 billion The amounts of money involved in check frauds are rising as well. Rasor tells the story of a case dubbed...,"Bank Fraud, The Old Fashioned Way - Bloomberg",https://www.bloomberg.com/news/articles/1995-09-03/bank-fraud-the-old-fashioned-way,9/3/95,0.388,0.612,0,-0.5859
44,AXP,"Could an American company loot its pension funds, as Robert Maxwell is alleged to have done in Britain? The government has erected legal barriers, but they don't keep companies from trying.",Pension Fraud: Can It Happen Here? You Bet - Bloomberg,https://www.bloomberg.com/news/articles/1991-12-22/pension-fraud-can-it-happen-here-you-bet,12/22/91,0.322,0.678,0,-0.5859
46,AXP,"Hello, Fraud Suits. New federal legislation isn't stopping class actions. The legislation was supposed to put an end, once and for all, to the plague of shareholder lawsuits pestering American companies.","Bye, Fraud Suits. Hello, Fraud Suits - Bloomberg",https://www.bloomberg.com/news/articles/1996-06-23/bye-fraud-suits-dot-hello-fraud-suits,6/23/96,0.603,0.397,0,-0.8225
50,BAC,"Borrower fraud doesn't mean lenders broke the rules of the program, and they haven't been Representatives for Cross River Bank and Celtic Bank didn't respond to multiple requests for comment.",PPP Loans: Scammers Used Fintech Companies to Carry Out Fraud,https://www.bloomberg.com/news/articles/2020-10-07/ppp-loans-scammers-used-fintech-companies-to-carry-out-fraud,10/7/20,0.297,0.703,0,-0.5859
51,BAC,"Foreign banks' reaction to the $2 billion fraud disclosed by Punjab National Bank two weeks ago, which allegedly involved fake letters of guarantee, is having an impact on financial markets.",Bank Fraud Fallout in India Spreads to Market for Trade... - Bloomberg,https://www.bloomberg.com/news/articles/2018-02-27/bank-fraud-fallout-in-india-spreads-to-market-for-trade-finance,2/27/18,0.275,0.725,0,-0.5859
52,BAC,Check fraud dwarfs other forms of bank fraud (table). With Americans writing some 60 billion checks a year and technology such as desktop publishing making fraud ever easier to commit...,"Bank Fraud, The Old Fashioned Way - Bloomberg",https://www.bloomberg.com/news/articles/1995-09-03/bank-fraud-the-old-fashioned-way,9/3/95,0.388,0.612,0,-0.5859
54,BAC,"If a bank asked for ID, Naskovets knew a guy who could e-mail a PDF of a fake driver's license in ""You can get life for two kilos of cocaine, but if you're going to get some bank fraud, OK, you're going...",An Identity Thief Explains the Art of Emptying Your Bank Account,https://www.bloomberg.com/news/articles/2015-07-15/an-identity-thief-explains-the-art-of-emptying-your-bank-account,7/15/15,0.357,0.643,0,-0.6124
55,BAC,"Finally a bank has been indicted for mortgage fraud. But why is it a tiny bank in New York's ""Mortgage fraud became institutionalized at Abacus Bank,"" District Attorney Cyrus Vance Jr. said at a...",Mortgage Fraud Prosecutors Pounce on a Small Bank - Bloomberg,https://www.bloomberg.com/news/articles/2013-01-31/mortgage-fraud-prosecutors-pounce-on-a-small-bank,1/31/13,0.352,0.648,0,-0.5859
56,BAC,Online banking fraud jumped by 55 per cent during the first six months of this year as criminals become even more sophisticated in their use of technology.,Online Banking Fraud Soars in Britain - Bloomberg,https://www.bloomberg.com/news/articles/2009-10-08/online-banking-fraud-soars-in-britain,10/8/09,0.388,0.612,0,-0.5859
57,BAC,"Huawei Technologies Co. Chief Financial Officer Meng Wanzhou was charged with conspiracy to defraud banks and should not be granted bail because she may flee, a lawyer representing Canada...",Huawei CFO Charged With Conspiracy to Defraud Banks - Bloomberg,https://www.bloomberg.com/news/articles/2018-12-07/huawei-cfo-being-prosecuted-for-fraud-canada-lawyer-says,12/7/18,0.426,0.574,0,-0.6369
58,BAC,The banking fraud is expanding as more lenders disclose exposure to the allegedly illegal transactions by Modi. Punjab National Bank last week said it detected the fraud at a single branch in the nation's...,"As Fraud Prompts Arrests, India Forms Panel to Avoid Scams",https://www.bloomberg.com/news/articles/2018-02-20/bank-fraud-prompts-india-to-set-up-panel-to-prevent-scams,2/20/18,0.679,0.321,0,-0.9136
60,BHF,Denmark charged six more people with fraud as prosecutors move closer to completing a years-long hunt to track down a total of $2.1 billion allegedly stolen through a dividend-tax scam.,Denmark Charges 6 More People in $2.1 Billion Cum-Ex... - Bloomberg,https://www.bloomberg.com/news/articles/2021-04-13/denmark-charges-6-more-people-with-fraud-in-cum-ex-investigation,4/13/21,0.208,0.792,0,-0.2732
64,BHF,"For vendors, settlement would happen almost immediately, without having to wait for the money or worry about fraud. The U.S. effort got an extra push last month, when Treasury Secretary Janet...",Federal Reserve's Digital Dollar Push Worries Wall Street - Bloomberg,https://www.bloomberg.com/news/articles/2021-03-22/federal-reserve-s-digital-dollar-momentum-worries-wall-street,3/22/21,0.259,0.741,0,-0.4215
65,BHF,...the South African power utility's chief executive officer accusing its now-suspended chief procurement officer of facilitating 8 billion rand ($549 million) of deals with a company suspected of fraud.,Eskom CEO Hits Back at Official Who Accused Him of... - Bloomberg,https://www.bloomberg.com/news/articles/2021-04-09/eskom-ceo-hits-back-at-official-who-accused-him-of-racism,4/9/21,0.18,0.82,0,-0.296
67,BHF,"Fraud losses, however, have remained fairly stable over the past three years, totaling $16 billion last year. That's down from $22 billion in 2012, the researcher said. ""There's a great deal of investment...",Credit-Card Thieves Move Online as Chips Thwart In-Store Fraud,https://www.bloomberg.com/news/articles/2017-02-01/credit-card-thieves-move-online-as-chips-thwart-in-store-fraud,2/1/17,0.504,0.496,0,-0.7964
70,BK,"Borrower fraud doesn't mean lenders broke the rules of the program, and they haven't been Representatives for Cross River Bank and Celtic Bank didn't respond to multiple requests for comment.",PPP Loans: Scammers Used Fintech Companies to Carry Out Fraud,https://www.bloomberg.com/news/articles/2020-10-07/ppp-loans-scammers-used-fintech-companies-to-carry-out-fraud,10/7/20,0.297,0.703,0,-0.5859
71,BK,"Foreign banks' reaction to the $2 billion fraud disclosed by Punjab National Bank two weeks ago, which allegedly involved fake letters of guarantee, is having an impact on financial markets.",Bank Fraud Fallout in India Spreads to Market for Trade... - Bloomberg,https://www.bloomberg.com/news/articles/2018-02-27/bank-fraud-fallout-in-india-spreads-to-market-for-trade-finance,2/27/18,0.275,0.725,0,-0.5859
72,BK,Check fraud dwarfs other forms of bank fraud (table). With Americans writing some 60 billion checks a year and technology such as desktop publishing making fraud ever easier to commit...,"Bank Fraud, The Old Fashioned Way - Bloomberg",https://www.bloomberg.com/news/articles/1995-09-03/bank-fraud-the-old-fashioned-way,9/3/95,0.388,0.612,0,-0.5859
74,BK,"If a bank asked for ID, Naskovets knew a guy who could e-mail a PDF of a fake driver's license in ""You can get life for two kilos of cocaine, but if you're going to get some bank fraud, OK, you're going...",An Identity Thief Explains the Art of Emptying Your Bank Account,https://www.bloomberg.com/news/articles/2015-07-15/an-identity-thief-explains-the-art-of-emptying-your-bank-account,7/15/15,0.357,0.643,0,-0.6124
75,BK,"Finally a bank has been indicted for mortgage fraud. But why is it a tiny bank in New York's ""Mortgage fraud became institutionalized at Abacus Bank,"" District Attorney Cyrus Vance Jr. said at a...",Mortgage Fraud Prosecutors Pounce on a Small Bank - Bloomberg,https://www.bloomberg.com/news/articles/2013-01-31/mortgage-fraud-prosecutors-pounce-on-a-small-bank,1/31/13,0.352,0.648,0,-0.5859
76,BK,Online banking fraud jumped by 55 per cent during the first six months of this year as criminals become even more sophisticated in their use of technology.,Online Banking Fraud Soars in Britain - Bloomberg,https://www.bloomberg.com/news/articles/2009-10-08/online-banking-fraud-soars-in-britain,10/8/09,0.388,0.612,0,-0.5859
77,BK,"Huawei Technologies Co. Chief Financial Officer Meng Wanzhou was charged with conspiracy to defraud banks and should not be granted bail because she may flee, a lawyer representing Canada...",Huawei CFO Charged With Conspiracy to Defraud Banks - Bloomberg,https://www.bloomberg.com/news/articles/2018-12-07/huawei-cfo-being-prosecuted-for-fraud-canada-lawyer-says,12/7/18,0.426,0.574,0,-0.6369
78,BK,The banking fraud is expanding as more lenders disclose exposure to the allegedly illegal transactions by Modi. Punjab National Bank last week said it detected the fraud at a single branch in the nation's...,"As Fraud Prompts Arrests, India Forms Panel to Avoid Scams",https://www.bloomberg.com/news/articles/2018-02-20/bank-fraud-prompts-india-to-set-up-panel-to-prevent-scams,2/20/18,0.679,0.321,0,-0.9136
81,BLK,"Bank of America Corp., the biggest U.S. lender, faces a new securities-fraud lawsuit filed by former Countrywide Financial Corp. investors including BlackRock Inc. that opted out of a $624 million...","BofA Sued by BlackRock, Calpers Over Countrywide Fraud Claims",https://www.bloomberg.com/news/articles/2011-07-28/bank-of-america-is-sued-by-countrywide-financial-investors-alleging-fraud,7/28/11,0.322,0.678,0,-0.5859
82,BLK,"Corporations backing away from those who cited election fraud. BlackRock, JPMorgan suspend all federal contributions for now.",US Companies Cut Off Donations to Republicans Who... - Bloomberg,https://www.bloomberg.com/news/articles/2021-01-11/dow-marriott-lead-boardroom-backlash-on-congress-vote-objectors,1/11/21,0.208,0.792,0,-0.2732
90,BRK-A,Berkshire Hathaway Inc. thinks it was duped. Berkshire Takes Tax Hit as Victim of 'Ponzi-Type' Solar Scheme. By.,Berkshire Hathaway Victim of 'Ponzi-Type' Solar Scheme - Bloomberg,https://www.bloomberg.com/news/articles/2019-05-08/berkshire-takes-tax-hit-as-victim-of-ponzi-type-solar-scheme,5/8/19,0.231,0.769,0,-0.2732
100,CG,Carlyle Group is the latest big name to emerge in a years-long attempt to untangle an elaborate nickel-trading fraud that ensnared major metals brokerages.,Carlyle Dragged Into $300 Million Hong Kong Nickel-Fraud Saga,https://www.bloomberg.com/news/articles/2019-08-28/carlyle-dragged-into-300-million-hong-kong-nickel-fraud-saga,8/28/19,0.13,0.87,0,-0.0516
108,CG,"Carlyle Group LP, the Washington-based buyout company that's preparing to go public, is seeking to bar its future shareholders from filing individual and class-action lawsuits.",Carlyle Seeks to Ban Shareholder Lawsuits Before Public... - Bloomberg,https://www.bloomberg.com/news/articles/2012-01-18/carlyle-seeks-to-ban-shareholder-lawsuits-before-initial-public-offering,1/18/12,0.426,0.574,0,-0.6369
112,CINF,"Cincinnati voters have (again) defeated a misguided attempt to block the city's new streetcar, which now will move forward and could be operational as early as 2013.",How Cincinnati Defeated the Streetcar Haters ... Again - Bloomberg,https://www.bloomberg.com/news/articles/2011-11-10/how-cincinnati-defeated-the-streetcar-haters-again,11/10/11,0.474,0.526,0,-0.743
115,CINF,"Yes, the shenanigans of Keating and other fraud artists cost taxpayers billions. But the sad fate of the thrift industry was largely sealed by the early 1980s, thanks to the double-digit inflation of the prior...",The S&L Collapse: Did Anyone Learn Anything? - Bloomberg,https://www.bloomberg.com/news/articles/1993-08-01/the-s-and-l-collapse-did-anyone-learn-anything,8/1/93,0.314,0.686,0,-0.4939
121,CME,"The cyberattack on CME Group Inc. last week, routed through Hong Kong, is reminding the financial services world of one of its most constant threats to business.",CME Hack Reawakens Electronic Threat to Financial... - Bloomberg,https://www.bloomberg.com/news/articles/2013-11-18/cme-hack-reawakens-electronic-threat-to-financial-services-firms,11/18/13,0.327,0.673,0,-0.5267
122,CME,"Existing fraud-fighting companies' business is blooming. Easy Solutions Inc. says sales of its product that helps banks and retailers monitor transactions grew 128 percent last year, up from a 75 percent...",Credit-Card Thieves Move Online as Chips Thwart In-Store Fraud,https://www.bloomberg.com/news/articles/2017-02-01/credit-card-thieves-move-online-as-chips-thwart-in-store-fraud,2/1/17,0.504,0.496,0,-0.7964
123,CME,"CME Group Inc., owner of the world's largest futures market, permanently barred three people from trading on its platforms, accusing them of rules violations, including a form of market manipulation...",CME Group Permanently Bars Three Traders for Exchange Violations,https://www.bloomberg.com/news/articles/2015-10-12/cme-group-permanently-bars-three-traders-for-exchange-violations,10/12/15,0.298,0.702,0,-0.5267
132,CNO,"Proponents of those revisions argue they are necessary to deter voter fraud. The bill, known as S 1 in the Senate, is unlikely to get the 60 votes needed to overcome a filibuster in that chamber, as most...",Chamber of Commerce Urges Senators to Reject Voting... - Bloomberg,https://www.bloomberg.com/news/articles/2021-04-14/chamber-of-commerce-urges-senators-to-reject-voting-rights-bill,4/14/21,0.252,0.748,0,-0.4019
134,CNO,"Prosecutors said money from the fraud funded a lavish lifestyle in suburban Los Angeles that included a Lamborghini and other luxury cars, designer clothing and fine food and drinks.","""Sour Grapes"" Wine Fraud Con Man Deported to Indonesia - Bloomberg",https://www.bloomberg.com/news/articles/2021-04-14/-sour-grapes-wine-fraud-con-man-deported-to-indonesia,4/14/21,0.297,0.703,0,-0.5859
136,CNO,"Existing fraud-fighting companies' business is blooming. Easy Solutions Inc. says sales of its product that helps banks and retailers monitor transactions grew 128 percent last year, up from a 75 percent...",Credit-Card Thieves Move Online as Chips Thwart In-Store Fraud,https://www.bloomberg.com/news/articles/2017-02-01/credit-card-thieves-move-online-as-chips-thwart-in-store-fraud,2/1/17,0.504,0.496,0,-0.7964
138,CNO,"Growing panic over the financial health of one of China's largest bad-debt managers spilled into the broader market, as traders circulated a Caixin report that openly considered the worst-case scenario...",China Huarong's Worsening Bond Rout Stokes Market... - Bloomberg,https://www.bloomberg.com/news/articles/2021-04-13/china-huarong-s-deepening-bond-rout-pushes-yield-to-record-23,4/13/21,0.3,0.7,0,-0.4588
140,DFS,Fleischmann is a victim of click fraud: a dizzying collection of scams and deceptions that inflate advertising bills for thousands of companies of all sizes. The spreading scourge poses the single...,Click Fraud - Bloomberg | The dark side of online advertising,https://www.bloomberg.com/news/articles/2006-10-01/click-fraud,10/1/06,0.322,0.678,0,-0.5859
144,DFS,"Authorities said they discovered 200 million yuan there. Expensive real estate, luxury watches, art, gold - the list of Lai's Singapore Trader's Lavish Lifestyle Allegedly Fueled By $740 Million Fraud.",China's Very Bad Bank: Inside the Huarong Debt Debacle - Bloomberg,https://www.bloomberg.com/news/articles/2021-04-15/china-s-very-bad-bank-inside-the-huarong-debt-debacle,4/15/21,0.44,0.56,0,-0.7425
146,DFS,"It takes time to discover that fraud occurred, let alone develop a case. Even the Securities & Exchange Commission, with its subpoena powers, needed more than three years from the time the alleged...",Don't Shorten The Deadline On Investors' Lawsuits - Bloomberg,https://www.bloomberg.com/news/articles/1992-01-12/dont-shorten-the-deadline-on-investors-lawsuits,1/12/92,0.186,0.814,0,-0.1531
150,FAF,"The first fraud prosecution involving initial coin offerings ended in a guilty plea when a New York man admitted lying to about 1,000 investors. Maksim Zaslavskiy, 39, told a judge he sought to raise money...",First Initial Coin Offering Fraud Case Ends in Guilty Plea - Bloomberg,https://www.bloomberg.com/news/articles/2018-11-15/first-fraud-case-for-initial-coin-offering-set-for-guilty-plea,11/15/18,0.423,0.577,0,-0.765
152,FAF,Russia said it found the world's first cases of the H5N8 strain of avian influenza in humans though the virus isn't yet spreading between people. Authorities have sent information on the seven cases...,Russia Reports First Cases of H5N8 Bird Flu in Humans - Bloomberg,https://www.bloomberg.com/news/articles/2021-02-20/russia-reports-first-cases-of-h5n8-bird-flu-in-humans-kldwj8sh,2/20/21,0.206,0.794,0,-0.3818
153,FAF,Fleischmann is a victim of click fraud: a dizzying collection of scams and deceptions that inflate The growing ranks of businesspeople worried about click fraud typically have no complaint about versions...,Click Fraud - Bloomberg | The dark side of online advertising,https://www.bloomberg.com/news/articles/2006-10-01/click-fraud,10/1/06,0.322,0.678,0,-0.5859
154,FAF,"Prosecutors said money from the fraud funded a lavish lifestyle in suburban Los Angeles that included a Lamborghini and other luxury cars, designer clothing and fine food and drinks.","""Sour Grapes"" Wine Fraud Con Man Deported to Indonesia - Bloomberg",https://www.bloomberg.com/news/articles/2021-04-14/-sour-grapes-wine-fraud-con-man-deported-to-indonesia,4/14/21,0.297,0.703,0,-0.5859
155,FAF,First Executive. The list of notorious financial frauds and scandals in recent years goes on and on. It looks great--on paper. But will auditors really detect more frauds? Some are skeptical that the new...,Will new auditing standards serve to detect fraud sooner? - Bloomberg,https://www.bloomberg.com/news/articles/1996-12-08/bean-counters-get-an-early-warning-system,12/8/96,0.297,0.703,0,-0.5859
156,FAF,"Chances are, your card provider will be the first to notice fraud after the company computer detects ""unusual call activity,"" and it Better, though, to prevent those calls from being made in the first place.",How To Foil Phone Card Fraud - Bloomberg,https://www.bloomberg.com/news/articles/1994-11-20/how-to-foil-phone-card-fraud,11/20/94,0.388,0.612,0,-0.5859
157,FAF,"For vendors, settlement would happen almost immediately, without having to wait for the money or worry about fraud. The U.S. effort got an extra push last month, when Treasury Secretary Janet...",Federal Reserve's Digital Dollar Push Worries Wall Street - Bloomberg,https://www.bloomberg.com/news/articles/2021-03-22/federal-reserve-s-digital-dollar-momentum-worries-wall-street,3/22/21,0.259,0.741,0,-0.4215
158,FAF,"When the fraud was finally exposed in mid-1994, the bottom dropped out of Kurzweil's stock. With the IPO planned for the summer of 1993, the first quarter of the new fiscal year would be the final one...",Anatomy Of The Kurzweil Fraud - Bloomberg,https://www.bloomberg.com/news/articles/1996-09-15/anatomy-of-the-kurzweil-fraud,9/15/96,0.432,0.568,0,-0.5859
160,FCNCA,"The first fraud prosecution involving initial coin offerings ended in a guilty plea when a New York man admitted lying to about 1,000 investors. Maksim Zaslavskiy, 39, told a judge he sought to raise money...",First Initial Coin Offering Fraud Case Ends in Guilty Plea - Bloomberg,https://www.bloomberg.com/news/articles/2018-11-15/first-fraud-case-for-initial-coin-offering-set-for-guilty-plea,11/15/18,0.423,0.577,0,-0.765
162,FCNCA,Russia said it found the world's first cases of the H5N8 strain of avian influenza in humans though the virus isn't yet spreading between people. Authorities have sent information on the seven cases...,Russia Reports First Cases of H5N8 Bird Flu in Humans - Bloomberg,https://www.bloomberg.com/news/articles/2021-02-20/russia-reports-first-cases-of-h5n8-bird-flu-in-humans-kldwj8sh,2/20/21,0.206,0.794,0,-0.3818
163,FCNCA,Fleischmann is a victim of click fraud: a dizzying collection of scams and deceptions that inflate The growing ranks of businesspeople worried about click fraud typically have no complaint about versions...,Click Fraud - Bloomberg | The dark side of online advertising,https://www.bloomberg.com/news/articles/2006-10-01/click-fraud,10/1/06,0.322,0.678,0,-0.5859
164,FCNCA,"Prosecutors said money from the fraud funded a lavish lifestyle in suburban Los Angeles that included a Lamborghini and other luxury cars, designer clothing and fine food and drinks.","""Sour Grapes"" Wine Fraud Con Man Deported to Indonesia - Bloomberg",https://www.bloomberg.com/news/articles/2021-04-14/-sour-grapes-wine-fraud-con-man-deported-to-indonesia,4/14/21,0.297,0.703,0,-0.5859
165,FCNCA,First Executive. The list of notorious financial frauds and scandals in recent years goes on and on. It looks great--on paper. But will auditors really detect more frauds? Some are skeptical that the new...,Will new auditing standards serve to detect fraud sooner? - Bloomberg,https://www.bloomberg.com/news/articles/1996-12-08/bean-counters-get-an-early-warning-system,12/8/96,0.297,0.703,0,-0.5859
166,FCNCA,"Chances are, your card provider will be the first to notice fraud after the company computer detects ""unusual call activity,"" and it Better, though, to prevent those calls from being made in the first place.",How To Foil Phone Card Fraud - Bloomberg,https://www.bloomberg.com/news/articles/1994-11-20/how-to-foil-phone-card-fraud,11/20/94,0.388,0.612,0,-0.5859
167,FCNCA,"For vendors, settlement would happen almost immediately, without having to wait for the money or worry about fraud. The U.S. effort got an extra push last month, when Treasury Secretary Janet...",Federal Reserve's Digital Dollar Push Worries Wall Street - Bloomberg,https://www.bloomberg.com/news/articles/2021-03-22/federal-reserve-s-digital-dollar-momentum-worries-wall-street,3/22/21,0.259,0.741,0,-0.4215
168,FCNCA,"When the fraud was finally exposed in mid-1994, the bottom dropped out of Kurzweil's stock. With the IPO planned for the summer of 1993, the first quarter of the new fiscal year would be the final one...",Anatomy Of The Kurzweil Fraud - Bloomberg,https://www.bloomberg.com/news/articles/1996-09-15/anatomy-of-the-kurzweil-fraud,9/15/96,0.432,0.568,0,-0.5859
170,FITB,â€” With assistance by Deirdre Hipwell. (Updates with WHO statement in fifth paragraph.) Have a confidential tip for our reporters? Get in touch.,Russia Reports First Cases of H5N8 Bird Flu in Humans - Bloomberg,https://www.bloomberg.com/news/articles/2021-02-20/russia-reports-first-cases-of-h5n8-bird-flu-in-humans-kldwj8sh,2/20/21,0.206,0.794,0,-0.3818
171,FITB,"At issue is why the regulator took actions that benefited the member of Germany's benchmark DAX Index, including the short-selling ban, but failed to detect the fraud after multiple warnings.",Wirecard: Bafin Faces Criminal Probe Over Wirecard... - Bloomberg,https://www.bloomberg.com/news/articles/2021-04-12/bafin-faces-criminal-probe-over-wirecard-supervision-trading?sref=zNmRQ0gk,4/12/21,0.327,0.673,0,-0.5267
173,FITB,"Prosecutors said money from the fraud funded a lavish lifestyle in suburban Los Angeles that included a Lamborghini and other luxury cars, designer clothing and fine food and drinks.","""Sour Grapes"" Wine Fraud Con Man Deported to Indonesia - Bloomberg",https://www.bloomberg.com/news/articles/2021-04-14/-sour-grapes-wine-fraud-con-man-deported-to-indonesia,4/14/21,0.297,0.703,0,-0.5859
174,FITB,"Strengthening tax-reporting requirements and the regulations overseeing tax-return preparers would help the IRS stop fraud and close the tax gap, Rettig said. About 99% of taxes are paid to the IRS...",Tax Evasion: Cheats Are Costing the US About $1 Trillion... - Bloomberg,https://www.bloomberg.com/news/articles/2021-04-13/tax-cheats-are-costing-u-s-1-trillion-a-year-irs-estimates,4/13/21,0.219,0.781,0,-0.4215
180,FMBI,"The first fraud prosecution involving initial coin offerings ended in a guilty plea when a New York man admitted lying to about 1,000 investors. Maksim Zaslavskiy, 39, told a judge he sought to raise money...",First Initial Coin Offering Fraud Case Ends in Guilty Plea - Bloomberg,https://www.bloomberg.com/news/articles/2018-11-15/first-fraud-case-for-initial-coin-offering-set-for-guilty-plea,11/15/18,0.423,0.577,0,-0.765
182,FMBI,Russia said it found the world's first cases of the H5N8 strain of avian influenza in humans though the virus isn't yet spreading between people. Authorities have sent information on the seven cases...,Russia Reports First Cases of H5N8 Bird Flu in Humans - Bloomberg,https://www.bloomberg.com/news/articles/2021-02-20/russia-reports-first-cases-of-h5n8-bird-flu-in-humans-kldwj8sh,2/20/21,0.206,0.794,0,-0.3818
183,FMBI,Fleischmann is a victim of click fraud: a dizzying collection of scams and deceptions that inflate The growing ranks of businesspeople worried about click fraud typically have no complaint about versions...,Click Fraud - Bloomberg | The dark side of online advertising,https://www.bloomberg.com/news/articles/2006-10-01/click-fraud,10/1/06,0.322,0.678,0,-0.5859
184,FMBI,"Prosecutors said money from the fraud funded a lavish lifestyle in suburban Los Angeles that included a Lamborghini and other luxury cars, designer clothing and fine food and drinks.","""Sour Grapes"" Wine Fraud Con Man Deported to Indonesia - Bloomberg",https://www.bloomberg.com/news/articles/2021-04-14/-sour-grapes-wine-fraud-con-man-deported-to-indonesia,4/14/21,0.297,0.703,0,-0.5859
185,FMBI,First Executive. The list of notorious financial frauds and scandals in recent years goes on and on. It looks great--on paper. But will auditors really detect more frauds? Some are skeptical that the new...,Will new auditing standards serve to detect fraud sooner? - Bloomberg,https://www.bloomberg.com/news/articles/1996-12-08/bean-counters-get-an-early-warning-system,12/8/96,0.297,0.703,0,-0.5859
186,FMBI,"Chances are, your card provider will be the first to notice fraud after the company computer detects ""unusual call activity,"" and it Better, though, to prevent those calls from being made in the first place.",How To Foil Phone Card Fraud - Bloomberg,https://www.bloomberg.com/news/articles/1994-11-20/how-to-foil-phone-card-fraud,11/20/94,0.388,0.612,0,-0.5859
187,FMBI,"For vendors, settlement would happen almost immediately, without having to wait for the money or worry about fraud. The U.S. effort got an extra push last month, when Treasury Secretary Janet...",Federal Reserve's Digital Dollar Push Worries Wall Street - Bloomberg,https://www.bloomberg.com/news/articles/2021-03-22/federal-reserve-s-digital-dollar-momentum-worries-wall-street,3/22/21,0.259,0.741,0,-0.4215
188,FMBI,"When the fraud was finally exposed in mid-1994, the bottom dropped out of Kurzweil's stock. With the IPO planned for the summer of 1993, the first quarter of the new fiscal year would be the final one...",Anatomy Of The Kurzweil Fraud - Bloomberg,https://www.bloomberg.com/news/articles/1996-09-15/anatomy-of-the-kurzweil-fraud,9/15/96,0.432,0.568,0,-0.5859
191,FNB,"Prosecutors said money from the fraud funded a lavish lifestyle in suburban Los Angeles that included a Lamborghini and other luxury cars, designer clothing and fine food and drinks.","""Sour Grapes"" Wine Fraud Con Man Deported to Indonesia - Bloomberg",https://www.bloomberg.com/news/articles/2021-04-14/-sour-grapes-wine-fraud-con-man-deported-to-indonesia,4/14/21,0.297,0.703,0,-0.5859
194,FNB,Denmark charged six more people with fraud as prosecutors move closer to completing a years-long hunt to track down a total of $2.1 billion allegedly stolen through a dividend-tax scam.,Denmark Charges 6 More People in $2.1 Billion Cum-Ex... - Bloomberg,https://www.bloomberg.com/news/articles/2021-04-13/denmark-charges-6-more-people-with-fraud-in-cum-ex-investigation,4/13/21,0.208,0.792,0,-0.2732
196,FNB,"First Yahoo! Today, criminals are doing everything from stealing intellectual property and committing fraud to unleashing viruses and committing acts of cyber terrorism in which political groups or...",Cyber Crime - Bloomberg,https://www.bloomberg.com/news/articles/1000-02-20/cyber-crime,1000-02-20,0.636,0.364,0,-0.5423
197,FNB,"Stephen Bannon Charged With Fraud Over Border Wall Group. Listen to article. ""Our mission is to protect U.S. Postal Service customers, employees and infrastructure from fraud and other illegal...",Bannon's Arrest by Postal Inspectors Widens Focus on... - Bloomberg,https://origin.www.bloomberg.com/news/articles/2020-08-20/bannon-s-arrest-by-postal-inspectors-widens-focus-on-service,8/20/20,0.231,0.769,0,-0.34
198,FNB,"The U.S. effort got an extra push last month, when Treasury Secretary Janet Yellen said such a project could help Americans who don't have access to the banking system.",Federal Reserve's Digital Dollar Push Worries Wall Street - Bloomberg,https://www.bloomberg.com/news/articles/2021-03-22/federal-reserve-s-digital-dollar-momentum-worries-wall-street,3/22/21,0.259,0.741,0,-0.4215
201,FNF,"It's not quite the nearly $1 billion blunder that Citigroup Inc. made last summer, but Charles Schwab Corp. said it accidentally sent more than $1 million to the Fidelity Brokerage Services account of a...",Schwab Accidentally Puts $1.2 Million Into Customer's Fidelity Account,https://www.bloomberg.com/news/articles/2021-04-13/schwab-accidentally-put-1-2-million-in-woman-s-fidelity-account?_hsenc=p2ANqtz--D6U6FDELjh8XybsbVUTpz_QkB67ZK1GUBe_oNOvsArgwUczD3NwXD7KvOILGsVo14te50,4/13/21,0.231,0.769,0,-0.34
203,FNF,"The fraud allegations against Ng center on his dealings at Envy Asset Management and Envy Global Trading, companies he controlled and where he was a director. Of the more than S$1 billion that was...",Trader Ng Yu Zhi's Alleged $740 Million Fraud Jolts... - Bloomberg,https://www.bloomberg.com/news/articles/2021-04-14/trading-wunderkind-s-alleged-740-million-fraud-jolts-singapore,4/14/21,0.297,0.703,0,-0.5859
204,FNF,"Fidelity's Greer touts 'alpha opportunities' after rout. For the bulls, the selloff went too far, and Fidelity and Vanguard have both raised their exposure to Turkish hard-currency debt to overweight.","Fidelity, Vanguard Buy Turkish Debt as New Central Banker Tested",https://www.bloomberg.com/news/articles/2021-04-14/turkey-bulls-regroup-in-dollar-debt-market-as-default-risk-ebbs,4/14/21,0.217,0.783,0,-0.3612
205,FNF,Fidelity didn't invent This kind of fund. Arch-rival Vanguard Group has had one since 1994. Regulations keep Fidelity from saying how this fund might have performed historically.,"Fidelity's New ""Invest And Forget"" Fund - Bloomberg",https://www.bloomberg.com/news/articles/1999-08-01/fidelitys-new-invest-and-forget-fund,8/1/99,0.241,0.759,0,-0.2263
208,FNF,"Fidelity has its own robo product, called Fidelity Go, which charges 35 basis points for accounts with as little as $5,000. Boston-based Fidelity's wealth management business has just over $300 billion in...",Fidelity Is Changing the Way It Charges for Financial... - Bloomberg,https://www.bloomberg.com/news/articles/2018-04-11/fidelity-is-changing-the-way-it-charges-for-financial-advice,4/11/18,0.189,0.811,0,-0.2732
210,GL,"...type of fraud moving into the online environment,"" said Erika Dietrich, global director of payments risk hundreds of relevant variables and activity across the globe in real time to predict risk of fraud.",Credit-Card Thieves Move Online as Chips Thwart In-Store Fraud,https://www.bloomberg.com/news/articles/2017-02-01/credit-card-thieves-move-online-as-chips-thwart-in-store-fraud,2/1/17,0.504,0.496,0,-0.7964
211,GL,The Huawei Technologies Co. executive at the center of a bitter dispute between China and Canada is launching a new argument to halt her extradition to the U.S. in a fraud case.,"Huawei CFO Accuses U.S. of Misleading Canada, Globe Says",https://www.bloomberg.com/news/articles/2020-07-24/huawei-cfo-accuses-u-s-of-misleading-canada-globe-says,7/24/20,0.421,0.579,0,-0.6249
213,GL,"The fraud allegations against Ng center on his dealings at Envy Asset Management and Envy Global Trading, companies he controlled and where he was a director. Of the more than S$1 billion that was...",Trader Ng Yu Zhi's Alleged $740 Million Fraud Jolts... - Bloomberg,https://www.bloomberg.com/news/articles/2021-04-14/trading-wunderkind-s-alleged-740-million-fraud-jolts-singapore,4/14/21,0.297,0.703,0,-0.5859
214,GL,"Prosecutors said money from the fraud funded a lavish lifestyle in suburban Los Angeles that included a Lamborghini and other luxury cars, designer clothing and fine food and drinks.","""Sour Grapes"" Wine Fraud Con Man Deported to Indonesia - Bloomberg",https://www.bloomberg.com/news/articles/2021-04-14/-sour-grapes-wine-fraud-con-man-deported-to-indonesia,4/14/21,0.297,0.703,0,-0.5859
215,GL,Denmark charged six more people with fraud as prosecutors move closer to completing a years-long hunt to track down a total of $2.1 billion allegedly stolen through a dividend-tax scam.,Denmark Charges 6 More People in $2.1 Billion Cum-Ex... - Bloomberg,https://www.bloomberg.com/news/articles/2021-04-13/denmark-charges-6-more-people-with-fraud-in-cum-ex-investigation,4/13/21,0.208,0.792,0,-0.2732
216,GL,"For vendors, settlement would happen almost immediately, without having to wait for the money or worry about fraud. The U.S. effort got an extra push last month, when Treasury Secretary Janet...",Federal Reserve's Digital Dollar Push Worries Wall Street - Bloomberg,https://www.bloomberg.com/news/articles/2021-03-22/federal-reserve-s-digital-dollar-momentum-worries-wall-street,3/22/21,0.259,0.741,0,-0.4215
221,HMN,"Horace Mann, the New York City prep school at the center of sexual-abuse allegations by former students, should conduct an ""independent and transparent"" probe into the alleged crimes...","Horace Mann Sexual Abuse Deserves Outside Probe, Allred Argues",https://www.bloomberg.com/news/articles/2013-04-23/horace-mann-sexual-abuse-deserves-independent-probe-allred-says,4/23/13,0.493,0.507,0,-0.7783
222,HMN,"Horace Mann, in a statement late today, said Allred ""seriously misstates what has transpired."" The school stands by its May 24 letter and the ""good faith actions it has taken in an attempt to help those...",Lawyer Against Horace Mann Calls Lack of Probe Shameful - Bloomberg,https://www.bloomberg.com/news/articles/2013-05-30/horace-mann-victims-attorney-says-no-investigation-is-shameful,5/30/13,0.407,0.593,0,-0.6705
223,HMN,"Kurniawan, whose family gained wealth operating a beer distributorship in Indonesia, was convicted of mail and wire fraud in 2013 in a New York federal court and spent seven years in prison.","""Sour Grapes"" Wine Fraud Con Man Deported to Indonesia - Bloomberg",https://www.bloomberg.com/news/articles/2021-04-14/-sour-grapes-wine-fraud-con-man-deported-to-indonesia,4/14/21,0.297,0.703,0,-0.5859
224,HMN,Denmark charged six more people with fraud as prosecutors move closer to completing a years-long hunt to track down a total of $2.1 billion allegedly stolen through a dividend-tax scam.,Denmark Charges 6 More People in $2.1 Billion Cum-Ex... - Bloomberg,https://www.bloomberg.com/news/articles/2021-04-13/denmark-charges-6-more-people-with-fraud-in-cum-ex-investigation,4/13/21,0.208,0.792,0,-0.2732
226,HMN,...the South African power utility's chief executive officer accusing its now-suspended chief procurement officer of facilitating 8 billion rand ($549 million) of deals with a company suspected of fraud.,Eskom CEO Hits Back at Official Who Accused Him of... - Bloomberg,https://www.bloomberg.com/news/articles/2021-04-09/eskom-ceo-hits-back-at-official-who-accused-him-of-racism,4/9/21,0.18,0.82,0,-0.296
230,HWC,"Prosecutors said money from the fraud funded a lavish lifestyle in suburban Los Angeles that included a Lamborghini and other luxury cars, designer clothing and fine food and drinks.","""Sour Grapes"" Wine Fraud Con Man Deported to Indonesia - Bloomberg",https://www.bloomberg.com/news/articles/2021-04-14/-sour-grapes-wine-fraud-con-man-deported-to-indonesia,4/14/21,0.297,0.703,0,-0.5859
232,HWC,"The government has said both Sunak and Hancock acted correctly. Cameron, who's been cleared of breaking the rules on lobbying, has said he welcomes the inquiry and that he's prepared to participate.",Greensill Lobbying Scandal Ensnares UK Civil Service - Bloomberg,https://www.bloomberg.com/news/articles/2021-04-14/greensill-lobbying-scandal-has-now-ensnared-u-k-s-civil-service,4/14/21,0.412,0.588,0,-0.4939
233,HWC,Denmark has charged six more people with fraud as prosecutors move closer to completing a years-long hunt to track down a total of $2.1 billion allegedly stolen through a dividend-tax scam.,Denmark Charges 6 More People in $2.1 Billion Cum-Ex... - Bloomberg,https://www.bloomberg.com/news/articles/2021-04-13/denmark-charges-6-more-people-with-fraud-in-cum-ex-investigation,4/13/21,0.208,0.792,0,-0.2732
236,HWC,"Borrower fraud doesn't mean lenders broke the rules of the program, and they haven't been accused of wrongdoing. The U.S. let them rely on self-certifications by applicants attesting that they were eligible...",PPP Loans: Scammers Used Fintech Companies to Carry Out Fraud,https://www.bloomberg.com/news/articles/2020-10-07/ppp-loans-scammers-used-fintech-companies-to-carry-out-fraud,10/7/20,0.297,0.703,0,-0.5859
240,ISBC,"In the latest lawsuit over WeWork's scuttled IPO, investors say the company hoodwinked them by promoting a transformation of the concept of workspace in order to sell hundreds of millions of dollars...","WeWork, Softbank Sued for Investor Fraud Over Failed... - Bloomberg",https://www.bloomberg.com/news/articles/2020-06-03/wework-softbank-sued-for-investor-fraud-over-failed-ipo,6/3/20,0.322,0.678,0,-0.5859
241,ISBC,The legal fallout from Bernard Madoff's epic fraud includes an ironic twist: a road map for investors wanting to hold on to profits that seem too good to be true.,The Fallout From Madoff's Fraud Includes an Ironic Twist for Investors,https://www.bloomberg.com/news/articles/2017-01-03/another-madoff-legacy-ways-for-investors-to-keep-ponzi-profits,1/3/17,0.371,0.629,0,-0.6486
242,ISBC,"Baker, 46, pleaded guilty to a single count of wire fraud in August. Accused of running a global fraud scheme that ensnared almost 1,000 investors over five years, he was indicted in absentia in...","FDIC Nominee, Investor Fraud, MF Global, Sandoz... - Bloomberg",https://www.bloomberg.com/news/articles/2011-11-18/fdic-nominee-investor-fraud-mf-global-sandoz-compliance,11/18/11,0.352,0.648,0,-0.5859
243,ISBC,"Fallen unicorn Theranos Inc. and investors who allege they were duped by a massive fraud are in a tug of war, with each side trying to attach different strings to settlement talks.","Theranos Wants Investor Fraud Settlement, But Only on... - Bloomberg",https://www.bloomberg.com/news/articles/2018-06-08/theranos-wants-investor-fraud-settlement-but-only-on-its-terms,6/8/18,0.231,0.769,0,-0.34
244,ISBC,"BP Plc must face fraud claims by investors who said the company lied before and after the 2010 Gulf of Mexico oil spill about its accident response capability, a federal judge said.",BP Must Face Investors' Fraud Claims Spurred by Gulf... - Bloomberg,https://www.bloomberg.com/news/articles/2012-02-13/bp-loses-bid-to-dismiss-investor-fraud-claims-spurred-by-spill,2/13/12,0.297,0.703,0,-0.5859
245,ISBC,Denmark charged six more people with fraud as prosecutors move closer to completing a years-long hunt to track down a total of $2.1 billion allegedly stolen through a dividend-tax scam.,Denmark Charges 6 More People in $2.1 Billion Cum-Ex... - Bloomberg,https://www.bloomberg.com/news/articles/2021-04-13/denmark-charges-6-more-people-with-fraud-in-cum-ex-investigation,4/13/21,0.208,0.792,0,-0.2732
247,ISBC,"Kurniawan's trial featured testimony from billionaire yachtsman, entrepreneur and wine investor Prosecutors said money from the fraud funded a lavish lifestyle in suburban Los Angeles that...","""Sour Grapes"" Wine Fraud Con Man Deported to Indonesia - Bloomberg",https://www.bloomberg.com/news/articles/2021-04-14/-sour-grapes-wine-fraud-con-man-deported-to-indonesia,4/14/21,0.297,0.703,0,-0.5859
249,ISBC,"Stock fraud schemes have mushroomed in recent years, and scamsters have developed increasingly sophisticated ways of gulling unwary investors and companies. Back in the 1980s, the days of...","The latest frauds prey on new, nonpublic outfits - Bloomberg",https://www.bloomberg.com/news/articles/1996-10-13/stock-scams-caveat-entrepreneur,10/13/96,0.292,0.708,0,-0.5106
251,IVZ,"The criminal complaint charges Mattera with wire fraud, securities fraud, money The brokerage case is Securities Investor Protection Corp. v. MF Global Inc., 11-02790, U.S...","FDIC Nominee, Investor Fraud, MF Global... - Bloomberg",https://www.bloomberg.com/news/articles/2011-11-18/fdic-nominee-investor-fraud-mf-global-sandoz-compliance,11/18/11,0.388,0.612,0,-0.5859
252,IVZ,"Fallen unicorn Theranos Inc. and investors who allege they were duped by a massive fraud are in a tug of war, with each side trying to attach different strings to settlement talks.","Theranos Wants Investor Fraud Settlement, But... - Bloomberg",https://www.bloomberg.com/news/articles/2018-06-08/theranos-wants-investor-fraud-settlement-but-only-on-its-terms,6/8/18,0.388,0.612,0,-0.5859
253,IVZ,The legal fallout from Bernard Madoff's epic fraud includes an ironic twist: a road map for investors wanting to hold on to profits that seem too good to be true.,The Fallout From Madoff's Fraud Includes an... - Bloomberg,https://www.bloomberg.com/news/articles/2017-01-03/another-madoff-legacy-ways-for-investors-to-keep-ponzi-profits,1/3/17,0.352,0.648,0,-0.5859
255,IVZ,"Two investors in funds managed by Tilton's Patriarch Partners LLC said in a lawsuit filed Friday that it's ""obvious"" that the ""vast majority of the information"" they received from the...","Lynn Tilton, Patriarch Partners Named in Investor Fraud Suit",https://www.bloomberg.com/news/articles/2015-05-18/lynn-tilton-patriarch-partners-sued-by-investors-claiming-fraud,5/18/15,0.322,0.678,0,-0.5859
257,IVZ,"Stock fraud schemes have mushroomed in recent years, and scamsters have developed increasingly sophisticated ways of gulling unwary investors and companies.","The latest frauds prey on new, nonpublic outfits - Bloomberg",https://www.bloomberg.com/news/articles/1996-10-13/stock-scams-caveat-entrepreneur,10/13/96,0.292,0.708,0,-0.5106
258,IVZ,"Dan Morales, who served from 1991 to 1999, was indicted on fraud charges in 2003. Paxton ""intentionally failed to disclose"" to a pair of investors that he was compensated...",Texas Attorney General Paxton Vows to Fight Investor Fraud...,https://www.bloomberg.com/news/articles/2015-08-03/texas-attorney-general-ken-paxton-indicted-for-securities-fraud,8/3/15,0.245,0.755,0,-0.3818
260,JEF,"Ex-Jefferies & Co. Managing Director Jesse Litvak, deemed an ""elite"" fraudster by prosecutors for being the only person convicted of fraud over a $20 billion government bailout program...",Ex-Jefferies Executive Litvak Gets Two Years for Fraud - Bloomberg,https://www.bloomberg.com/news/articles/2014-07-23/ex-jefferies-managing-director-litvak-gets-two-year-sentence,7/23/14,0.322,0.678,0,-0.5859
265,JEF,"Ex-Jefferies & Co. managing director Jesse C. Litvak will go on trial in February on charges that he 28 and charged with 16 counts including securities fraud, fraud connected with the Troubled Asset...",Ex-Jefferies Trader Litvak's Fraud Trial Set for February - Bloomberg,https://www.bloomberg.com/news/articles/2013-03-13/ex-jefferies-trader-litvak-s-fraud-trial-set-for-february,3/13/13,0.322,0.678,0,-0.5859
266,JEF,Former Jefferies & Co. managing director Jesse Litvak defrauded investors of $2 million using a U.S Litvak is the only person charged with fraud in connection with an initiative to distribute more than $20...,Ex-Jefferies Director Faces Jury in TARP Fraud Case - Bloomberg,https://www.bloomberg.com/news/articles/2014-02-18/ex-jefferies-director-faces-jury-in-tarp-fraud-case,2/18/14,0.322,0.678,0,-0.5859
269,JEF,"A colleague of former Jefferies & Co. bond trader Jesse Litvak, who is on trial in Connecticut for fraud in the trading of mortgage-backed securities, testified that it's against the firm's policy to lie to clients.",Jefferies Executive Tells Jury Lying to Clients Improper - Bloomberg,https://www.bloomberg.com/news/articles/2014-02-26/ex-jefferies-trader-begins-bond-fraud-trial-defense,2/26/14,0.298,0.702,0,-0.5267
270,JPM,"Inside JPMorgan's Securities Fraud Hack and Arrests. None of the documents outlining the charges mention the JPMorgan hack, nor do prosecutors tie the securities fraud and money-transfer schemes...",Digital Misfits Link JPMorgan Hack to Pump-and-Dump Fraud,https://www.bloomberg.com/news/articles/2015-07-21/fbi-israel-make-securities-fraud-arrests-tied-to-jpmorgan-hack,7/21/15,0.352,0.648,0,-0.5859
271,JPM,"U.S. authorities that accused six JPMorgan Chase & Co. employees of rigging precious-metals futures are building a criminal case against the bank itself, two people familiar with...",JPMorgan Facing Criminal Investigation Over... - Bloomberg,https://www.bloomberg.com/news/articles/2020-02-05/jpmorgan-s-role-in-metals-spoofing-is-under-u-s-criminal-probe,2/5/20,0.405,0.595,0,-0.5267
276,JPM,A former JPMorgan Chase & Co. financial adviser accused of trading his wealthy grandmother's assets without her knowledge has been barred from working as a broker by the industry's watchdog...,Ex-JPMorgan Broker Accused of Bilking Grandma Gets Trading Ban,https://www.bloomberg.com/news/articles/2021-04-13/ex-jpmorgan-broker-accused-of-bilking-grandma-gets-trading-ban,4/13/21,0.453,0.547,0,-0.7003
277,JPM,"JPMorgan Chase & Co. and Danske Bank A/S funds are among investors in Let's Gowex SA, the Spanish Internet startup that's filing for insolvency after saying it falsified accounts for at least four...",JPMorgan and Danske Among Funds Exposed to Gowex Fraud,https://www.bloomberg.com/news/articles/2014-07-07/jpmorgan-and-danske-among-funds-exposed-to-gowex-fraud,7/7/14,0.421,0.579,0,-0.6249
281,MMC,Denmark charged six more people with fraud as prosecutors move closer to completing a years-long hunt to track down a total of $2.1 billion allegedly stolen through a dividend-tax scam.,Denmark Charges 6 More People in $2.1 Billion Cum-Ex... - Bloomberg,https://www.bloomberg.com/news/articles/2021-04-13/denmark-charges-6-more-people-with-fraud-in-cum-ex-investigation,4/13/21,0.208,0.792,0,-0.2732
285,MMC,"For vendors, settlement would happen almost immediately, without having to wait for the money or worry about fraud. The U.S. effort got an extra push last month, when Treasury Secretary Janet...",Federal Reserve's Digital Dollar Push Worries Wall Street - Bloomberg,https://www.bloomberg.com/news/articles/2021-03-22/federal-reserve-s-digital-dollar-momentum-worries-wall-street,3/22/21,0.259,0.741,0,-0.4215
289,MMC,"Fraud losses, however, have remained fairly stable over the past three years, totaling $16 billion last year. Existing fraud-fighting companies' business is blooming. Easy Solutions Inc. says sales of its...",Credit-Card Thieves Move Online as Chips Thwart In-Store Fraud,https://www.bloomberg.com/news/articles/2017-02-01/credit-card-thieves-move-online-as-chips-thwart-in-store-fraud,2/1/17,0.504,0.496,0,-0.7964
290,NDAQ,"Nasdaq licenses its market-surveillance technology to exchanges, including at least one crypto market: Gemini, which was founded by the Winklevoss twins. Nasdaq first started to get approached about...",Nasdaq Wants Crypto Market to Stamp Out Fraud -- With... - Bloomberg,https://www.bloomberg.com/news/articles/2018-11-01/nasdaq-wants-crypto-market-to-stamp-out-fraud-with-its-help,11/1/18,0.275,0.725,0,-0.5859
294,NDAQ,"Fraud is a major problem for government health programs. Since 2007, a Medicare fraud task force has filed more than 1,600 cases against almost 3,500 defendants who are alleged to have...",Gene-Test Fraud Billed $2.1 Billion to U.S. Medicare Program,https://origin.www.bloomberg.com/news/articles/2019-09-27/gene-test-fraud-billed-2-1-billion-to-u-s-medicare-program,9/27/19,0.322,0.678,0,-0.5859
299,NDAQ,"For vendors, settlement would happen almost immediately, without having to wait for the money or worry about fraud. The U.S. effort got an extra push last month, when Treasury Secretary Janet...",Federal Reserve's Digital Dollar Push Worries Wall Street - Bloomberg,https://www.bloomberg.com/news/articles/2021-03-22/federal-reserve-s-digital-dollar-momentum-worries-wall-street,3/22/21,0.259,0.741,0,-0.4215
300,PGR,"For vendors, settlement would happen almost immediately, without having to wait for the money or worry about fraud. The U.S. effort got an extra push last month, when Treasury Secretary Janet...",Federal Reserve's Digital Dollar Push Worries Wall Street - Bloomberg,https://www.bloomberg.com/news/articles/2021-03-22/federal-reserve-s-digital-dollar-momentum-worries-wall-street,3/22/21,0.259,0.741,0,-0.4215
307,PGR,Denmark charged six more people with fraud as prosecutors move closer to completing a years-long hunt to track down a total of $2.1 billion allegedly stolen through a dividend-tax scam.,Denmark Charges 6 More People in $2.1 Billion Cum-Ex... - Bloomberg,https://www.bloomberg.com/news/articles/2021-04-13/denmark-charges-6-more-people-with-fraud-in-cum-ex-investigation,4/13/21,0.208,0.792,0,-0.2732
308,PGR,...the South African power utility's chief executive officer accusing its now-suspended chief procurement officer of facilitating 8 billion rand ($549 million) of deals with a company suspected of fraud.,Eskom CEO Hits Back at Official Who Accused Him of... - Bloomberg,https://www.bloomberg.com/news/articles/2021-04-09/eskom-ceo-hits-back-at-official-who-accused-him-of-racism,4/9/21,0.18,0.82,0,-0.296
313,PNC,Denmark charged six more people with fraud as prosecutors move closer to completing a years-long hunt to track down a total of $2.1 billion allegedly stolen through a dividend-tax scam.,Denmark Charges 6 More People in $2.1 Billion Cum-Ex... - Bloomberg,https://www.bloomberg.com/news/articles/2021-04-13/denmark-charges-6-more-people-with-fraud-in-cum-ex-investigation,4/13/21,0.208,0.792,0,-0.2732
315,PNC,"At issue is why the regulator took actions that benefited the member of Germany's benchmark DAX Index, including the short-selling ban, but failed to detect the fraud after multiple warnings.",Wirecard: Bafin Faces Criminal Probe Over Wirecard... - Bloomberg,https://www.bloomberg.com/news/articles/2021-04-12/bafin-faces-criminal-probe-over-wirecard-supervision-trading?sref=zNmRQ0gk,4/12/21,0.327,0.673,0,-0.5267
316,PNC,"I also learned that I and other phone customers indirectly pay for $2 billion in annual fraud as AT&T, MCI Communications, and other companies pass losses on. So I checked into what else I might do to...",How To Foil Phone Card Fraud - Bloomberg,https://www.bloomberg.com/news/articles/1994-11-20/how-to-foil-phone-card-fraud,11/20/94,0.388,0.612,0,-0.5859
318,PNC,"For vendors, settlement would happen almost immediately, without having to wait for the money or worry about fraud. The U.S. effort got an extra push last month, when Treasury Secretary Janet...",Federal Reserve's Digital Dollar Push Worries Wall Street - Bloomberg,https://www.bloomberg.com/news/articles/2021-03-22/federal-reserve-s-digital-dollar-momentum-worries-wall-street,3/22/21,0.259,0.741,0,-0.4215
324,PRI,"At issue is why the regulator took actions that benefited the member of Germany's benchmark DAX Index, including the short-selling ban, but failed to detect the fraud after multiple warnings.",Wirecard: Bafin Faces Criminal Probe Over Wirecard... - Bloomberg,https://www.bloomberg.com/news/articles/2021-04-12/bafin-faces-criminal-probe-over-wirecard-supervision-trading?sref=zNmRQ0gk,4/12/21,0.327,0.673,0,-0.5267
327,PRI,"Kurniawan, whose family gained wealth operating a beer distributorship in Indonesia, was convicted of mail and wire fraud in 2013 in a New York federal court and spent seven years in prison.","""Sour Grapes"" Wine Fraud Con Man Deported to Indonesia - Bloomberg",https://www.bloomberg.com/news/articles/2021-04-14/-sour-grapes-wine-fraud-con-man-deported-to-indonesia,4/14/21,0.297,0.703,0,-0.5859
328,PRI,Denmark charged six more people with fraud as prosecutors move closer to completing a years-long hunt to track down a total of $2.1 billion allegedly stolen through a dividend-tax scam.,Denmark Charges 6 More People in $2.1 Billion Cum-Ex... - Bloomberg,https://www.bloomberg.com/news/articles/2021-04-13/denmark-charges-6-more-people-with-fraud-in-cum-ex-investigation,4/13/21,0.208,0.792,0,-0.2732
330,PSEC,"Borrower fraud doesn't mean lenders broke the rules of the program, and they haven't been accused of wrongdoing. The U.S. let them rely on self-certifications by applicants attesting that they were eligible...",PPP Loans: Scammers Used Fintech Companies to Carry Out Fraud,https://www.bloomberg.com/news/articles/2020-10-07/ppp-loans-scammers-used-fintech-companies-to-carry-out-fraud,10/7/20,0.297,0.703,0,-0.5859
333,PSEC,"Prosecutors said money from the fraud funded a lavish lifestyle in suburban Los Angeles that included a Lamborghini and other luxury cars, designer clothing and fine food and drinks.","""Sour Grapes"" Wine Fraud Con Man Deported to Indonesia - Bloomberg",https://www.bloomberg.com/news/articles/2021-04-14/-sour-grapes-wine-fraud-con-man-deported-to-indonesia,4/14/21,0.297,0.703,0,-0.5859
334,PSEC,"The fallout from India's biggest banking fraud is spreading to the market for trade financing, as foreign lenders become more reluctant to accept the guarantees from their local counterparts that underpin...",Bank Fraud Fallout in India Spreads to Market for Trade Finance,https://www.bloomberg.com/news/articles/2018-02-27/bank-fraud-fallout-in-india-spreads-to-market-for-trade-finance,2/27/18,0.275,0.725,0,-0.5859
335,PSEC,Denmark charged six more people with fraud as prosecutors move closer to completing a years-long hunt to track down a total of $2.1 billion allegedly stolen through a dividend-tax scam.,Denmark Charges 6 More People in $2.1 Billion Cum-Ex... - Bloomberg,https://www.bloomberg.com/news/articles/2021-04-13/denmark-charges-6-more-people-with-fraud-in-cum-ex-investigation,4/13/21,0.208,0.792,0,-0.2732
336,PSEC,The ruble rallied the most in three months against the dollar after word of the call as investors bet that Biden's proposal for a summit would de-escalate tensions over Ukraine and mitigate the prospect of...,Biden Warns Putin Over Hacking But Proposes Summit in... - Bloomberg,https://www.bloomberg.com/news/articles/2021-04-13/biden-warns-putin-over-hacking-signals-ukraine-concerns-in-call,4/13/21,0.118,0.882,0,-0.0516
339,PSEC,"Asked about the prospect of new sanctions, he said, the government ""is working through various scenarios to protect the interests of our country, our citizens and our business.""","U.S., U.K. Weigh Russia Sanctions, Possibly Targeting Debt - Bloomberg",https://www.bloomberg.com/news/articles/2021-03-04/u-s-u-k-weigh-more-russia-sanctions-possibly-targeting-debt,3/4/21,0.238,0.762,0,-0.3612
340,RGA,SUBSCRIBER ONLY. Technology. Italy Fraud Triggers Plunge in Lehman-Founded Hungary Insurer. By. Veronika Gulyas.,Italy Fraud Triggers Plunge in Lehman-Founded Hungary... - Bloomberg,https://www.bloomberg.com/news/articles/2019-10-24/italy-reinsurance-fraud-triggers-share-plunge-in-hungary-s-cig,10/24/19,0.352,0.648,0,-0.5859
342,RGA,Senate investigators and state regulators believe Teale typifies a growing group of individuals who operate on the fringes of the insurance industry and particularly of the $23 billion reinsurance business.,Failed Insurers: A Common Thread? - Bloomberg,https://www.bloomberg.com/news/articles/1991-07-28/failed-insurers-a-common-thread,7/28/91,0.452,0.548,0,-0.5106
347,RGA,"The plan to ease the reinsurance ban was agreed in November, following negotiations between Iran and world powers seeking to curb the nation's nuclear program. European companies are still barred...",Europe Days From Lifting Reinsurance Ban on Iran Oil Exports,https://www.bloomberg.com/news/articles/2014-01-16/europe-days-from-suspending-ban-on-reinsuring-iran-oil-shipments,1/16/14,0.286,0.714,0,-0.5574
349,RGA,Auto fraud is almost as old as the Model T. But insurance companies say that schemes such as the swoop and squat are rapidly growing not only in scope and scale but in sophistication.,Auto Fraud: Accidentally On Purpose - Bloomberg,https://www.bloomberg.com/news/articles/1997-06-29/auto-fraud-accidentally-on-purpose,6/29/97,0.608,0.392,0,-0.7351
350,RJF,"Prosecutors said money from the fraud funded a lavish lifestyle in suburban Los Angeles that included a Lamborghini and other luxury cars, designer clothing and fine food and drinks.","""Sour Grapes"" Wine Fraud Con Man Deported to Indonesia - Bloomberg",https://www.bloomberg.com/news/articles/2021-04-14/-sour-grapes-wine-fraud-con-man-deported-to-indonesia,4/14/21,0.297,0.703,0,-0.5859
353,RJF,Denmark charged six more people with fraud as prosecutors move closer to completing a years-long hunt to track down a total of $2.1 billion allegedly stolen through a dividend-tax scam.,Denmark Charges 6 More People in $2.1 Billion Cum-Ex... - Bloomberg,https://www.bloomberg.com/news/articles/2021-04-13/denmark-charges-6-more-people-with-fraud-in-cum-ex-investigation,4/13/21,0.208,0.792,0,-0.2732
354,RJF,"At issue is why the regulator took actions that benefited the member of Germany's benchmark DAX Index, including the short-selling ban, but failed to detect the fraud after multiple warnings.",Wirecard: Bafin Faces Criminal Probe Over Wirecard... - Bloomberg,https://www.bloomberg.com/news/articles/2021-04-12/bafin-faces-criminal-probe-over-wirecard-supervision-trading?sref=zNmRQ0gk,4/12/21,0.327,0.673,0,-0.5267
355,RJF,"The fraud allegations against Ng center on his dealings at Envy Asset Management and Envy Global Trading, companies he controlled and where he was a director. Of the more than S$1 billion that was...",Trader Ng Yu Zhi's Alleged $740 Million Fraud Jolts... - Bloomberg,https://www.bloomberg.com/news/articles/2021-04-14/trading-wunderkind-s-alleged-740-million-fraud-jolts-singapore,4/14/21,0.297,0.703,0,-0.5859
357,RJF,"Undaunted, the feds indicted Burns on wire-fraud charges, reasoning that he had used a phone for And as prosecutors and investigators master the complexities of financial fraud and environmental...",The Crackdown On Crime In The Suites - Bloomberg,https://www.bloomberg.com/news/articles/1991-04-21/the-crackdown-on-crime-in-the-suites,4/21/91,0.333,0.667,0,-0.5423
360,RLI,"Kurniawan, whose family gained wealth operating a beer distributorship in Indonesia, was convicted of mail and wire fraud in 2013 in a New York federal court and spent seven years in prison.","""Sour Grapes"" Wine Fraud Con Man Deported to Indonesia - Bloomberg",https://www.bloomberg.com/news/articles/2021-04-14/-sour-grapes-wine-fraud-con-man-deported-to-indonesia,4/14/21,0.297,0.703,0,-0.5859
363,RLI,"At issue is why the regulator took actions that benefited the member of Germany's benchmark DAX Index, including the short-selling ban, but failed to detect the fraud after multiple warnings.",Wirecard: Bafin Faces Criminal Probe Over Wirecard... - Bloomberg,https://www.bloomberg.com/news/articles/2021-04-12/bafin-faces-criminal-probe-over-wirecard-supervision-trading?sref=zNmRQ0gk,4/12/21,0.327,0.673,0,-0.5267
364,RLI,Denmark charged six more people with fraud as prosecutors move closer to completing a years-long hunt to track down a total of $2.1 billion allegedly stolen through a dividend-tax scam.,Denmark Charges 6 More People in $2.1 Billion Cum-Ex... - Bloomberg,https://www.bloomberg.com/news/articles/2021-04-13/denmark-charges-6-more-people-with-fraud-in-cum-ex-investigation,4/13/21,0.208,0.792,0,-0.2732
368,RLI,"The growing ranks of businesspeople worried about click fraud typically have no complaint about versions of their ads that appear on actual Google or Yahoo Web pages, often next to search results.",Click Fraud - Bloomberg | The dark side of online advertising,https://www.bloomberg.com/news/articles/2006-10-01/click-fraud,10/1/06,0.322,0.678,0,-0.5859
371,SCHW,"Charles Schwab Corp., whose antitrust claims against banks over manipulation of the London interbank offered rate were tossed from federal court in New York, sued Bank of America Corp...",Schwab Sues BofA and Other Banks Over Alleged Libor Manipulation,https://www.bloomberg.com/news/articles/2013-05-01/schwab-sues-bofa-and-other-banks-over-libor-manipulation,5/1/13,0.196,0.804,0,-0.296
380,SF,"""Stifel and Noack abused their longstanding relationships of trust with the school districts by fraudulently peddling these inappropriate products to them,"" Elaine Greenberg, head of the SEC's unit...",SEC Sues Stifel for Fraud Over Wisconsin School CDO... - Bloomberg,https://www.bloomberg.com/news/articles/2011-08-10/sec-sues-stifel-for-fraud-on-losses-after-200-million-wisconsin-cdo-sales,8/10/11,0.297,0.703,0,-0.5859
391,SIGI,"The growing ranks of businesspeople worried about click fraud typically have no complaint about versions of their ads that appear on actual Google or Yahoo Web pages, often next to search results.",Click Fraud - Bloomberg | The dark side of online advertising,https://www.bloomberg.com/news/articles/2006-10-01/click-fraud,10/1/06,0.322,0.678,0,-0.5859
393,SIGI,Denmark charged six more people with fraud as prosecutors move closer to completing a years-long hunt to track down a total of $2.1 billion allegedly stolen through a dividend-tax scam.,Denmark Charges 6 More People in $2.1 Billion Cum-Ex... - Bloomberg,https://www.bloomberg.com/news/articles/2021-04-13/denmark-charges-6-more-people-with-fraud-in-cum-ex-investigation,4/13/21,0.208,0.792,0,-0.2732
396,SIGI,"Strengthening tax-reporting requirements and the regulations overseeing tax-return preparers would help the IRS stop fraud and close the tax gap, Rettig said. About 99% of taxes are paid to the IRS...",Tax Evasion: Cheats Are Costing the US About $1 Trillion... - Bloomberg,https://www.bloomberg.com/news/articles/2021-04-13/tax-cheats-are-costing-u-s-1-trillion-a-year-irs-estimates,4/13/21,0.219,0.781,0,-0.4215
398,SIGI,"For vendors, settlement would happen almost immediately, without having to wait for the money or worry about fraud. The U.S. effort got an extra push last month, when Treasury Secretary Janet...",Federal Reserve's Digital Dollar Push Worries Wall Street - Bloomberg,https://www.bloomberg.com/news/articles/2021-03-22/federal-reserve-s-digital-dollar-momentum-worries-wall-street,3/22/21,0.259,0.741,0,-0.4215
400,SIVB,"Kurniawan, whose family gained wealth operating a beer distributorship in Indonesia, was convicted of mail and wire fraud in 2013 in a New York federal court and spent seven years in prison.","""Sour Grapes"" Wine Fraud Con Man Deported to Indonesia - Bloomberg",https://www.bloomberg.com/news/articles/2021-04-14/-sour-grapes-wine-fraud-con-man-deported-to-indonesia,4/14/21,0.297,0.703,0,-0.5859
403,SIVB,Swedish media also claim that about $50 million that moved through SEB can be linked to Russian tax fraud that Sergei Magnitsky died trying to investigate. Magnitsky was the lawyer of Hermitage Capital...,Murdered Central Banker's Warning Changed Everything... - Bloomberg,https://origin.www.bloomberg.com/news/articles/2019-12-01/a-murdered-central-banker-s-warning-changed-everything-for-seb,12/1/19,0.576,0.424,0,-0.7783
405,SIVB,"At issue is why the regulator took actions that benefited the member of Germany's benchmark DAX Index, including the short-selling ban, but failed to detect the fraud after multiple warnings.",Wirecard: Bafin Faces Criminal Probe Over Wirecard... - Bloomberg,https://www.bloomberg.com/news/articles/2021-04-12/bafin-faces-criminal-probe-over-wirecard-supervision-trading?sref=zNmRQ0gk,4/12/21,0.327,0.673,0,-0.5267
406,SIVB,"Proponents of those revisions argue they are necessary to deter voter fraud. The bill, known as S 1 in the Senate, is unlikely to get the 60 votes needed to overcome a filibuster in that chamber, as most...",Chamber of Commerce Urges Senators to Reject Voting... - Bloomberg,https://www.bloomberg.com/news/articles/2021-04-14/chamber-of-commerce-urges-senators-to-reject-voting-rights-bill,4/14/21,0.252,0.748,0,-0.4019
407,SIVB,Denmark has charged six more people with fraud as prosecutors move closer to completing a years-long hunt to track down a total of $2.1 billion allegedly stolen through a dividend-tax scam.,Denmark Charges 6 More People in $2.1 Billion Cum-Ex... - Bloomberg,https://www.bloomberg.com/news/articles/2021-04-13/denmark-charges-6-more-people-with-fraud-in-cum-ex-investigation,4/13/21,0.208,0.792,0,-0.2732
413,THG,"Prosecutors said money from the fraud funded a lavish lifestyle in suburban Los Angeles that included a Lamborghini and other luxury cars, designer clothing and fine food and drinks.","""Sour Grapes"" Wine Fraud Con Man Deported to Indonesia - Bloomberg",https://www.bloomberg.com/news/articles/2021-04-14/-sour-grapes-wine-fraud-con-man-deported-to-indonesia,4/14/21,0.297,0.703,0,-0.5859
415,THG,"At issue is why the regulator took actions that benefited the member of Germany's benchmark DAX Index, including the short-selling ban, but failed to detect the fraud after multiple warnings.",Wirecard: Bafin Faces Criminal Probe Over Wirecard... - Bloomberg,https://www.bloomberg.com/news/articles/2021-04-12/bafin-faces-criminal-probe-over-wirecard-supervision-trading?sref=zNmRQ0gk,4/12/21,0.327,0.673,0,-0.5267
416,THG,Denmark has charged six more people with fraud as prosecutors move closer to completing a years-long hunt to track down a total of $2.1 billion allegedly stolen through a dividend-tax scam.,Denmark Charges 6 More People in $2.1 Billion Cum-Ex... - Bloomberg,https://www.bloomberg.com/news/articles/2021-04-13/denmark-charges-6-more-people-with-fraud-in-cum-ex-investigation,4/13/21,0.208,0.792,0,-0.2732
417,THG,"Banc of America downgraded Hanover Compressor (HC ) to neutral from buy. Analyst James Wicklund says the stock is up nearly 40% since early April upgrade, making relative valuations less attractive.",Banc of America Cuts Hanover Compressor to 'Neutral' - Bloomberg,https://www.bloomberg.com/news/articles/2003-08-03/banc-of-america-cuts-hanover-compressor-to-neutral,8/3/03,0.216,0.784,0,-0.296
420,UMPQ,"Prosecutors said money from the fraud funded a lavish lifestyle in suburban Los Angeles that included a Lamborghini and other luxury cars, designer clothing and fine food and drinks.","""Sour Grapes"" Wine Fraud Con Man Deported to Indonesia - Bloomberg",https://www.bloomberg.com/news/articles/2021-04-14/-sour-grapes-wine-fraud-con-man-deported-to-indonesia,4/14/21,0.297,0.703,0,-0.5859
425,UMPQ,Denmark has charged six more people with fraud as prosecutors move closer to completing a years-long hunt to track down a total of $2.1 billion allegedly stolen through a dividend-tax scam.,Denmark Charges 6 More People in $2.1 Billion Cum-Ex... - Bloomberg,https://www.bloomberg.com/news/articles/2021-04-13/denmark-charges-6-more-people-with-fraud-in-cum-ex-investigation,4/13/21,0.208,0.792,0,-0.2732
428,UMPQ,"The fraud allegations against Ng center on his dealings at Envy Asset Management and Envy Global Trading, companies he controlled and where he was a director. Of the more than S$1 billion that was...",Trader Ng Yu Zhi's Alleged $740 Million Fraud Jolts... - Bloomberg,https://www.bloomberg.com/news/articles/2021-04-14/trading-wunderkind-s-alleged-740-million-fraud-jolts-singapore,4/14/21,0.297,0.703,0,-0.5859
429,UMPQ,Authorities arrested four people in Israel and Florida and revealed a complex securities fraud scheme tied to the computer hacks of JPMorgan Chase & Co. and other financial institutions.,Digital Misfits Link JPMorgan Hack to Pump-and-Dump Fraud,https://www.bloomberg.com/news/articles/2015-07-21/fbi-israel-make-securities-fraud-arrests-tied-to-jpmorgan-hack,7/21/15,0.352,0.648,0,-0.5859
431,UNM,"Kurniawan, whose family gained wealth operating a beer distributorship in Indonesia, was convicted of mail and wire fraud in 2013 in a New York federal court and spent seven years in prison.","""Sour Grapes"" Wine Fraud Con Man Deported to Indonesia - Bloomberg",https://www.bloomberg.com/news/articles/2021-04-14/-sour-grapes-wine-fraud-con-man-deported-to-indonesia,4/14/21,0.297,0.703,0,-0.5859
432,UNM,"Proponents of those revisions argue they are necessary to deter voter fraud. The bill, known as S 1 in the Senate, is unlikely to get the 60 votes needed to overcome a filibuster in that chamber, as most...",Chamber of Commerce Urges Senators to Reject Voting... - Bloomberg,https://www.bloomberg.com/news/articles/2021-04-14/chamber-of-commerce-urges-senators-to-reject-voting-rights-bill,4/14/21,0.252,0.748,0,-0.4019
435,UNM,Denmark charged six more people with fraud as prosecutors move closer to completing a years-long hunt to track down a total of $2.1 billion allegedly stolen through a dividend-tax scam.,Denmark Charges 6 More People in $2.1 Billion Cum-Ex... - Bloomberg,https://www.bloomberg.com/news/articles/2021-04-13/denmark-charges-6-more-people-with-fraud-in-cum-ex-investigation,4/13/21,0.208,0.792,0,-0.2732
438,UNM,"The growing ranks of businesspeople worried about click fraud typically have no complaint about versions of their ads that appear on actual Google or Yahoo Web pages, often next to search results.",Click Fraud - Bloomberg | The dark side of online advertising,https://www.bloomberg.com/news/articles/2006-10-01/click-fraud,10/1/06,0.322,0.678,0,-0.5859
440,USB,"US. Claims of widespread voting fraud advanced by Trump, Giuliani, Powell and others were rejected by dozens of judges across the country.",Rudy Giuliani Denies Defaming Dominion Voting With... - Bloomberg,https://www.bloomberg.com/news/articles/2021-04-07/giuliani-denies-defaming-dominion-voting-with-election-claims?in_source=postr_story_0,4/7/21,0.286,0.714,0,-0.4215
444,USB,US. African power utility's chief executive officer accusing its now-suspended chief procurement officer of facilitating 8 billion rand ($549 million) of deals with a company suspected of fraud.,Eskom CEO Hits Back at Official Who Accused Him of... - Bloomberg,https://www.bloomberg.com/news/articles/2021-04-09/eskom-ceo-hits-back-at-official-who-accused-him-of-racism,4/9/21,0.18,0.82,0,-0.296
446,USB,"""We think it's important that we not wait for the policy debate because then we'll be a year or so behind,"" Cunha said. ""This will take significant outreach to the industry and serious debate.""",Federal Reserve's Digital Dollar Push Worries Wall Street - Bloomberg,https://www.bloomberg.com/news/articles/2021-03-22/federal-reserve-s-digital-dollar-momentum-worries-wall-street,3/22/21,0.259,0.741,0,-0.4215
447,USB,"When the fraud was finally exposed in mid-1994, the bottom dropped out of Kurzweil's stock. They say, `We'll do this temporarily, and that will give us time to make it all come out right.'",Anatomy Of The Kurzweil Fraud - Bloomberg,https://www.bloomberg.com/news/articles/1996-09-15/anatomy-of-the-kurzweil-fraud,9/15/96,0.432,0.568,0,-0.5859
448,USB,"We urge Russia to investigate, adhere to its obligations under the Chemical Weapons Convention,"" Raab tweeted. U.S. Secretary of State Antony Blinken sent a similar message Thursday.","U.S., U.K. Weigh Russia Sanctions, Possibly Targeting Debt - Bloomberg",https://www.bloomberg.com/news/articles/2021-03-04/u-s-u-k-weigh-more-russia-sanctions-possibly-targeting-debt,3/4/21,0.238,0.762,0,-0.3612
463,WFC,Denmark charged six more people with fraud as prosecutors move closer to completing a years-long hunt to track down a total of $2.1 billion allegedly stolen through a dividend-tax scam.,Denmark Charges 6 More People in $2.1 Billion Cum-Ex... - Bloomberg,https://www.bloomberg.com/news/articles/2021-04-13/denmark-charges-6-more-people-with-fraud-in-cum-ex-investigation,4/13/21,0.208,0.792,0,-0.2732
465,WFC,"For vendors, settlement would happen almost immediately, without having to wait for the money or worry about fraud. The U.S. effort got an extra push last month, when Treasury Secretary Janet...",Federal Reserve's Digital Dollar Push Worries Wall Street - Bloomberg,https://www.bloomberg.com/news/articles/2021-03-22/federal-reserve-s-digital-dollar-momentum-worries-wall-street,3/22/21,0.259,0.741,0,-0.4215
471,WRB,"At issue is why the regulator took actions that benefited the member of Germany's benchmark DAX Index, including the short-selling ban, but failed to detect the fraud after multiple warnings.",Wirecard: Bafin Faces Criminal Probe Over Wirecard... - Bloomberg,https://www.bloomberg.com/news/articles/2021-04-12/bafin-faces-criminal-probe-over-wirecard-supervision-trading?sref=zNmRQ0gk,4/12/21,0.327,0.673,0,-0.5267
473,WRB,U.S. Futures Fall After J&J Vaccine Put on Pause: Markets Wr... Bond Traders Face Reflation Fight That Will Echo Around Worl...,Sanjeev Gupta's Grip Over Dunkirk Smelter at Risk as... - Bloomberg,https://www.bloomberg.com/news/articles/2021-04-13/gupta-s-grip-over-dunkirk-smelter-at-risk-as-bnp-seeks-loan-sale,4/13/21,0.189,0.811,0,-0.2732
477,WRB,"Wirecard AG expects an investigation by an outside law firm to dismiss concerns of accounting breaches and validate conclusions already made by an internal inquiry, as it looks to move past fraud...",Wirecard Expects External Inquiry to Dismiss Fraud Claims - Bloomberg,https://www.bloomberg.com/news/articles/2019-02-04/wirecard-sees-no-conclusive-fraud-evidence-as-police-start-probe,2/4/19,0.322,0.678,0,-0.5859
481,ZION,"The fraud allegations against Ng center on his dealings at Envy Asset Management and Envy Global Trading, companies he controlled and where he was a director. Of the more than S$1 billion that was...",Trader Ng Yu Zhi's Alleged $740 Million Fraud Jolts... - Bloomberg,https://www.bloomberg.com/news/articles/2021-04-14/trading-wunderkind-s-alleged-740-million-fraud-jolts-singapore,4/14/21,0.297,0.703,0,-0.5859
482,ZION,"Proponents of those revisions argue they are necessary to deter voter fraud. The bill, known as S 1 in the Senate, is unlikely to get the 60 votes needed to overcome a filibuster in that chamber, as most...",Chamber of Commerce Urges Senators to Reject Voting... - Bloomberg,https://www.bloomberg.com/news/articles/2021-04-14/chamber-of-commerce-urges-senators-to-reject-voting-rights-bill,4/14/21,0.252,0.748,0,-0.4019
484,ZION,"At issue is why the regulator took actions that benefited the member of Germany's benchmark DAX Index, including the short-selling ban, but failed to detect the fraud after multiple warnings.",Wirecard: Bafin Faces Criminal Probe Over Wirecard... - Bloomberg,https://www.bloomberg.com/news/articles/2021-04-12/bafin-faces-criminal-probe-over-wirecard-supervision-trading?sref=zNmRQ0gk,4/12/21,0.327,0.673,0,-0.5267
486,ZION,"Prosecutors said money from the fraud funded a lavish lifestyle in suburban Los Angeles that included a Lamborghini and other luxury cars, designer clothing and fine food and drinks.","""Sour Grapes"" Wine Fraud Con Man Deported to Indonesia - Bloomberg",https://www.bloomberg.com/news/articles/2021-04-14/-sour-grapes-wine-fraud-con-man-deported-to-indonesia,4/14/21,0.297,0.703,0,-0.5859
487,ZION,Denmark charged six more people with fraud as prosecutors move closer to completing a years-long hunt to track down a total of $2.1 billion allegedly stolen through a dividend-tax scam.,Denmark Charges 6 More People in $2.1 Billion Cum-Ex... - Bloomberg,https://www.bloomberg.com/news/articles/2021-04-13/denmark-charges-6-more-people-with-fraud-in-cum-ex-investigation,4/13/21,0.208,0.792,0,-0.2732